instance_index,cause_effect_ratio
0,0.010526
1,0.013072
2,0.0
3,0.013072
4,0.0
5,0.011765
6,0.01087
7,0.018072
8,0.010989
9,0.005848
10,0.005128
11,0.014599
12,0.006494
13,0.012346
14,0.006289
15,0.0
16,0.0
17,0.013699
18,0.017857
19,0.010638
20,0.013605
21,0.012739
22,0.01875
23,0.006623
24,0.006849
25,0.01227
26,0.00578
27,0.006803
28,0.0125
29,0.005682
