instance_index,cause_effect_ratio
0,0.011765
1,0.011494
2,0.005714
3,0.006061
4,0.010471
5,0.00578
6,0.012821
7,0.005714
8,0.012346
9,0.0
10,0.012195
11,0.005952
12,0.018293
13,0.011905
14,0.0
15,0.0
16,0.010753
17,0.011696
18,0.0
19,0.00625
20,0.011628
21,0.006494
22,0.005291
23,0.0
24,0.0
25,0.005181
26,0.012987
27,0.010695
28,0.005747
29,0.005882
