instance_index,cause_effect_ratio
0,0.007407
1,0.0
2,0.0
3,0.0
4,0.0
5,0.0
6,0.0
7,0.0
8,0.012658
9,0.0
10,0.0
11,0.0
12,0.015957
13,0.008696
14,0.0
15,0.006944
16,0.006993
17,0.0
18,0.008333
19,0.00885
20,0.0
21,0.005556
22,0.008929
23,0.0
24,0.0
25,0.005952
26,0.0
27,0.0
28,0.0
29,0.017045
