instance_index,cause_effect_ratio
0,0.012658
1,0.006211
2,0.014706
3,0.007519
4,0.007752
5,0.007194
6,0.021277
7,0.013699
8,0.022901
9,0.006536
10,0.013699
11,0.014925
12,0.007042
13,0.006944
14,0.013245
15,0.0
16,0.007194
17,0.012579
18,0.013793
19,0.007092
20,0.007092
21,0.0
22,0.013245
23,0.007092
24,0.007353
25,0.007463
26,0.014925
27,0.0
28,0.0
29,0.007246
