text_id,num_sentences,distinct_2gram_ratio,ttr,verb_ratio,connectives_ratio,cumulative_ppls
4,2,0.860465,0.536585,0.146341,0.04878,"[11.74, 9.6548]"
6,2,0.888889,0.55814,0.162791,0.069767,"[17.4875, 10.0279]"
8,2,0.860465,0.536585,0.121951,0.04878,"[12.4234, 9.4992]"
