{
  "template_outputs": {
    "templated_narrative/compas": {
      "narrativity": {
        "mean": 0.23632028340645903,
        "std": 0.011652606730533123,
        "min": 0.21663715852285573,
        "max": 0.2589250910713113,
        "median": 0.23594136802184665
      },
      "distinct_bigram_ratio": {
        "mean": 0.6202081089083313,
        "std": 0.012395238876836136,
        "min": 0.5978260869565217,
        "max": 0.6404494382022472,
        "median": 0.6236559139784946
      },
      "perplexity": {
        "mean": 5.10342435836792,
        "std": 0.17019099871760557,
        "min": 4.795337200164795,
        "max": 5.568771839141846,
        "median": 5.068011283874512
      }
    },
    "templated_narrative/fifa": {
      "narrativity": {
        "mean": 0.23913360255064633,
        "std": 0.01047344526071695,
        "min": 0.22360214541663648,
        "max": 0.2697752553949762,
        "median": 0.2364166734444529
      },
      "distinct_bigram_ratio": {
        "mean": 0.6309726971720132,
        "std": 0.009340743458461528,
        "min": 0.6067415730337079,
        "max": 0.6521739130434783,
        "median": 0.6292134831460674
      },
      "perplexity": {
        "mean": 5.296090841293335,
        "std": 0.1805550290171913,
        "min": 4.838533401489258,
        "max": 5.719814300537109,
        "median": 5.336801052093506
      }
    },
    "templated_narrative/stroke": {
      "narrativity": {
        "mean": 0.26683507664803596,
        "std": 0.009486379820997095,
        "min": 0.2551621141647158,
        "max": 0.2760836261217747,
        "median": 0.2731964325181227
      },
      "distinct_bigram_ratio": {
        "mean": 0.625014005602241,
        "std": 0.010933559303740152,
        "min": 0.611764705882353,
        "max": 0.6352941176470588,
        "median": 0.6309523809523809
      },
      "perplexity": {
        "mean": 4.325581789016724,
        "std": 0.04118420035598837,
        "min": 4.22896671295166,
        "max": 4.381189346313477,
        "median": 4.3350725173950195
      }
    },
    "templated_narrative/student": {
      "narrativity": {
        "mean": 0.20275483263429891,
        "std": 0.010737706708856548,
        "min": 0.18041948168369887,
        "max": 0.2225922118207572,
        "median": 0.20325937517150758
      },
      "distinct_bigram_ratio": {
        "mean": 0.578250529663854,
        "std": 0.01384024372475207,
        "min": 0.5555555555555556,
        "max": 0.5975609756097561,
        "median": 0.5822784810126582
      },
      "perplexity": {
        "mean": 5.2418805122375485,
        "std": 0.46678888857160383,
        "min": 4.603964328765869,
        "max": 6.32691764831543,
        "median": 5.24810266494751
      }
    },
    "templated_narrative/diabetes": {
      "narrativity": {
        "mean": 0.2640598798278559,
        "std": 0.011323051932753476,
        "min": 0.24523341563471618,
        "max": 0.28087533087748145,
        "median": 0.26606774464994826
      },
      "distinct_bigram_ratio": {
        "mean": 0.6143039962145652,
        "std": 0.011626617690179043,
        "min": 0.5925925925925926,
        "max": 0.6309523809523809,
        "median": 0.6172839506172839
      },
      "perplexity": {
        "mean": 4.185298117001851,
        "std": 0.1890983728910028,
        "min": 3.860548257827759,
        "max": 4.7293267250061035,
        "median": 4.178824186325073
      }
    },
    "templated_narrative/german_credit": {
      "narrativity": {
        "mean": 0.25147023348626635,
        "std": 0.0169722550952204,
        "min": 0.20138040543742453,
        "max": 0.274705237944645,
        "median": 0.25813779604339815
      },
      "distinct_bigram_ratio": {
        "mean": 0.6131718616828764,
        "std": 0.016243554587245513,
        "min": 0.5595238095238095,
        "max": 0.6363636363636364,
        "median": 0.6162790697674418
      },
      "perplexity": {
        "mean": 4.482878478368123,
        "std": 0.25354170013888305,
        "min": 4.014688968658447,
        "max": 5.255037307739258,
        "median": 4.445189952850342
      }
    }
  }
}