instance_index,cause_effect_ratio
0,0.0
1,0.0
2,0.004854
3,0.009756
4,0.010582
5,0.0
6,0.0
7,0.0
8,0.0
9,0.0
10,0.0
11,0.0
12,0.0
13,0.0
14,0.009615
15,0.005917
16,0.005747
17,0.00905
18,0.0
19,0.00578
20,0.0
21,0.0
22,0.004608
23,0.005076
24,0.0
25,0.0
26,0.0
27,0.004608
28,0.004762
29,0.005435
