instance_index,cause_effect_ratio
0,0.006173
1,0.022059
2,0.014815
3,0.012821
4,0.013699
5,0.006289
6,0.006849
7,0.013514
8,0.006849
9,0.006623
10,0.005988
11,0.021583
12,0.006993
13,0.006329
14,0.0
15,0.006757
16,0.020979
17,0.007246
18,0.006369
19,0.021429
20,0.006667
21,0.006944
22,0.007463
23,0.01875
24,0.014493
25,0.013986
26,0.006944
27,0.006494
28,0.022222
29,0.0
