{
  "fitted_parameters": {
    "A": 62.858903,
    "r": 0.490414,
    "C": 10.173962,
    "b_decay": 0.712505,
    "fit_success": true
  },
  "fit_quality": {
    "r_squared": 0.998939,
    "rmse": 0.344616,
    "mape": 1.435326,
    "residual_mean": -0.0,
    "residual_std": 0.344616
  },
  "dataset_statistics": {
    "num_texts": 30,
    "num_sentences_range": [
      5,
      5
    ],
    "avg_distinct_2gram_ratio": 0.98418,
    "avg_ttr": 0.686747,
    "avg_verb_ratio": 0.17258,
    "avg_connectives_ratio": 0.076892,
    "avg_cause_effect_ratio": 0.010578
  },
  "dcpr_metric": 0.506,
  "ccpr_metric": 82.946,
  "ttcpr_metric": 1.04,
  "vcpr_metric": 16.466,
  "averaged_curve": {
    "x": [
      1,
      2,
      3,
      4,
      5
    ],
    "y": [
      40.9008,
      25.7512,
      17.0126,
      13.8223,
      12.161
    ]
  },
  "cecpr_metric": 4383.246
}