instance_index,cause_effect_ratio
0,0.005025
1,0.0
2,0.005682
3,0.005988
4,0.004695
5,0.0
6,0.005747
7,0.0
8,0.0
9,0.006098
10,0.005319
11,0.005587
12,0.005714
13,0.0
14,0.005814
15,0.0
16,0.012195
17,0.0
18,0.005464
19,0.0
20,0.005952
21,0.0
22,0.005988
23,0.012195
24,0.0
25,0.005263
26,0.0
27,0.0
28,0.005882
29,0.0
