{
  "fitted_parameters": {
    "A": 48.283501,
    "r": 0.411224,
    "C": 10.29704,
    "b_decay": 0.888617,
    "fit_success": true
  },
  "fit_quality": {
    "r_squared": 0.996498,
    "rmse": 0.421087,
    "mape": 2.909059,
    "residual_mean": -0.0,
    "residual_std": 0.421087
  },
  "dataset_statistics": {
    "num_texts": 30,
    "num_sentences_range": [
      5,
      5
    ],
    "avg_distinct_2gram_ratio": 0.965291,
    "avg_ttr": 0.661061,
    "avg_verb_ratio": 0.163295,
    "avg_connectives_ratio": 0.093116,
    "avg_cause_effect_ratio": 0.00362
  },
  "dcpr_metric": 0.441,
  "ccpr_metric": 47.427,
  "ttcpr_metric": 0.941,
  "vcpr_metric": 15.422,
  "averaged_curve": {
    "x": [
      1,
      2,
      3,
      4,
      5
    ],
    "y": [
      30.2466,
      17.9964,
      14.1621,
      12.0537,
      10.3529
    ]
  },
  "cecpr_metric": 31375.34
}