instance_index,cause_effect_ratio
0,0.0
1,0.007937
2,0.0
3,0.007042
4,0.0
5,0.0
6,0.006623
7,0.007752
8,0.005587
9,0.007576
10,0.0
11,0.0
12,0.0
13,0.012739
14,0.0
15,0.010695
16,0.0
17,0.006494
18,0.0
19,0.006452
20,0.0
21,0.005525
22,0.007874
23,0.0
24,0.005236
25,0.005405
26,0.020134
27,0.0
28,0.0
29,0.0
