instance_index,cause_effect_ratio
0,0.0
1,0.0
2,0.0
3,0.0
4,0.0
5,0.006369
6,0.012579
7,0.006061
8,0.012821
9,0.005917
10,0.0
11,0.0
12,0.007634
13,0.0
14,0.0
15,0.0
16,0.0
17,0.0
18,0.005917
19,0.0
20,0.0
21,0.0
22,0.0
23,0.005181
24,0.0
25,0.0
26,0.0
27,0.0
28,0.006993
29,0.0
