{
  "fitted_parameters": {
    "A": 117.668775,
    "r": 0.370059,
    "C": 11.894781,
    "b_decay": 0.994092,
    "fit_success": true
  },
  "fit_quality": {
    "r_squared": 0.999532,
    "rmse": 0.342766,
    "mape": 1.787586,
    "residual_mean": 0.0,
    "residual_std": 0.342766
  },
  "dataset_statistics": {
    "num_texts": 30,
    "num_sentences_range": [
      5,
      5
    ],
    "avg_distinct_2gram_ratio": 0.965488,
    "avg_ttr": 0.690845,
    "avg_verb_ratio": 0.173014,
    "avg_connectives_ratio": 0.068018,
    "avg_cause_effect_ratio": 0.001112
  },
  "dcpr_metric": 0.397,
  "ccpr_metric": 79.988,
  "ttcpr_metric": 0.775,
  "vcpr_metric": 12.363,
  "averaged_curve": {
    "x": [
      1,
      2,
      3,
      4,
      5
    ],
    "y": [
      55.4283,
      28.118,
      17.4664,
      14.6835,
      12.4226
    ]
  },
  "cecpr_metric": 299401.089
}