{
  "fitted_parameters": {
    "A": 67.834762,
    "r": 0.354789,
    "C": 10.024992,
    "b_decay": 1.036231,
    "fit_success": true
  },
  "fit_quality": {
    "r_squared": 0.999195,
    "rmse": 0.239816,
    "mape": 1.506453,
    "residual_mean": 0.046437,
    "residual_std": 0.235278
  },
  "dataset_statistics": {
    "num_texts": 30,
    "num_sentences_range": [
      2,
      6
    ],
    "avg_distinct_2gram_ratio": 0.956193,
    "avg_ttr": 0.653297,
    "avg_verb_ratio": 0.154889,
    "avg_connectives_ratio": 0.080577,
    "avg_cause_effect_ratio": 0.006491
  },
  "dcpr_metric": 0.388,
  "ccpr_metric": 54.644,
  "ttcpr_metric": 0.831,
  "vcpr_metric": 14.789,
  "averaged_curve": {
    "x": [
      1,
      2,
      3,
      4,
      5,
      6
    ],
    "y": [
      34.1595,
      18.2095,
      13.4482,
      11.2591,
      10.5439,
      10.035
    ]
  },
  "cecpr_metric": 8420.326
}