instance_index,cause_effect_ratio
0,0.0
1,0.0
2,0.0
3,0.007692
4,0.0
5,0.006536
6,0.006897
7,0.012821
8,0.006944
9,0.0
10,0.007042
11,0.0
12,0.0
13,0.0
14,0.007463
15,0.0
16,0.014493
17,0.0
18,0.006135
19,0.012821
20,0.0
21,0.013514
22,0.0
23,0.012903
24,0.005263
25,0.004651
26,0.007634
27,0.006897
28,0.0
29,0.005587
