instance_index,cause_effect_ratio
0,0.012739
1,0.0
2,0.012346
3,0.006135
4,0.005495
5,0.0
6,0.012658
7,0.007042
8,0.007092
9,0.005848
10,0.017647
11,0.012987
12,0.019108
13,0.0125
14,0.02994
15,0.006329
16,0.012821
17,0.006135
18,0.005405
19,0.0
20,0.0
21,0.006623
22,0.010695
23,0.007463
24,0.018293
25,0.0
26,0.006061
27,0.017341
28,0.010929
29,0.006849
