{
  "fitted_parameters": {
    "A": 66.228606,
    "r": 0.377313,
    "C": 12.582239,
    "b_decay": 0.974681,
    "fit_success": true
  },
  "fit_quality": {
    "r_squared": 0.995938,
    "rmse": 0.57673,
    "mape": 3.115366,
    "residual_mean": 0.039392,
    "residual_std": 0.575384
  },
  "dataset_statistics": {
    "num_texts": 30,
    "num_sentences_range": [
      5,
      5
    ],
    "avg_distinct_2gram_ratio": 0.978791,
    "avg_ttr": 0.694838,
    "avg_verb_ratio": 0.1739,
    "avg_connectives_ratio": 0.08187,
    "avg_cause_effect_ratio": 0.009216
  },
  "dcpr_metric": 0.394,
  "ccpr_metric": 56.293,
  "ttcpr_metric": 0.782,
  "vcpr_metric": 12.477,
  "averaged_curve": {
    "x": [
      1,
      2,
      3,
      4,
      5
    ],
    "y": [
      37.7067,
      21.2994,
      16.9825,
      14.3511,
      12.5922
    ]
  },
  "cecpr_metric": 4442.388
}