instance_index,cause_effect_ratio
0,0.006623
1,0.0
2,0.0
3,0.0
4,0.006579
5,0.013699
6,0.007463
7,0.019108
8,0.00641
9,0.007463
10,0.006173
11,0.006667
12,0.01227
13,0.006803
14,0.017647
15,0.0
16,0.014286
17,0.02069
18,0.006494
19,0.014925
20,0.005155
21,0.006452
22,0.006024
23,0.00578
24,0.019481
25,0.00641
26,0.006135
27,0.013158
28,0.007874
29,0.0
