instance_index,cause_effect_ratio
0,0.0
1,0.0
2,0.00578
3,0.0
4,0.0
5,0.0
6,0.0
7,0.004292
8,0.0
9,0.0
10,0.0
11,0.005319
12,0.0
13,0.005435
14,0.0
15,0.0
16,0.0
17,0.00578
18,0.005348
19,0.004902
20,0.0
21,0.0
22,0.004808
23,0.005495
24,0.0
25,0.0
26,0.0
27,0.0
28,0.0
29,0.005076
