instance_index,cause_effect_ratio
0,0.0
1,0.0
2,0.006667
3,0.0
4,0.005181
5,0.0
6,0.0
7,0.0
8,0.010753
9,0.005525
10,0.007092
11,0.00625
12,0.0
13,0.013986
14,0.006803
15,0.0
16,0.006711
17,0.006803
18,0.011765
19,0.006536
20,0.0
21,0.005495
22,0.0
23,0.0
24,0.006289
25,0.005376
26,0.0
27,0.006452
28,0.006289
29,0.005348
