instance_index,cause_effect_ratio
0,0.009709
1,0.013158
2,0.011834
3,0.007042
4,0.009709
5,0.0
6,0.0
7,0.012121
8,0.022099
9,0.00641
10,0.013605
11,0.012903
12,0.011364
13,0.0125
14,0.0
15,0.010638
16,0.005682
17,0.012658
18,0.005435
19,0.00625
20,0.014493
21,0.011236
22,0.005882
23,0.013605
24,0.0
25,0.005747
26,0.010753
27,0.012579
28,0.00578
29,0.010363
