instance_index,cause_effect_ratio
0,0.006452
1,0.0
2,0.0
3,0.007042
4,0.0
5,0.010152
6,0.023952
7,0.0
8,0.006452
9,0.006897
10,0.011236
11,0.005714
12,0.005525
13,0.013333
14,0.011364
15,0.005882
16,0.007353
17,0.018072
18,0.005988
19,0.006289
20,0.012579
21,0.006623
22,0.0
23,0.0
24,0.005682
25,0.0
26,0.0
27,0.010152
28,0.007299
29,0.00565
