{
  "fitted_parameters": {
    "A": 41.932488,
    "r": 0.385461,
    "C": 9.36413,
    "b_decay": 0.953314,
    "fit_success": true
  },
  "fit_quality": {
    "r_squared": 0.997357,
    "rmse": 0.300231,
    "mape": 2.393687,
    "residual_mean": 0.014091,
    "residual_std": 0.2999
  },
  "dataset_statistics": {
    "num_texts": 30,
    "num_sentences_range": [
      5,
      5
    ],
    "avg_distinct_2gram_ratio": 0.963386,
    "avg_ttr": 0.638933,
    "avg_verb_ratio": 0.157579,
    "avg_connectives_ratio": 0.090447,
    "avg_cause_effect_ratio": 0.001869
  },
  "dcpr_metric": 0.415,
  "ccpr_metric": 47.119,
  "ttcpr_metric": 0.944,
  "vcpr_metric": 15.523,
  "averaged_curve": {
    "x": [
      1,
      2,
      3,
      4,
      5
    ],
    "y": [
      25.5913,
      15.2787,
      12.0638,
      10.661,
      9.3741
    ]
  },
  "cecpr_metric": 110339.295
}