{
  "fitted_parameters": {
    "A": 42.633586,
    "r": 0.539813,
    "C": 7.092675,
    "b_decay": 0.616532,
    "fit_success": true
  },
  "fit_quality": {
    "r_squared": 0.985878,
    "rmse": 0.890641,
    "mape": 6.261105,
    "residual_mean": 0.119224,
    "residual_std": 0.882625
  },
  "dataset_statistics": {
    "num_texts": 30,
    "num_sentences_range": [
      2,
      7
    ],
    "avg_distinct_2gram_ratio": 0.95085,
    "avg_ttr": 0.706229,
    "avg_verb_ratio": 0.150875,
    "avg_connectives_ratio": 0.079612,
    "avg_cause_effect_ratio": 0.006285
  },
  "dcpr_metric": 0.597,
  "ccpr_metric": 85.17,
  "ttcpr_metric": 1.082,
  "vcpr_metric": 23.714,
  "averaged_curve": {
    "x": [
      1,
      2,
      3,
      4,
      5,
      6,
      7
    ],
    "y": [
      30.708,
      17.74,
      14.4675,
      11.2168,
      9.9003,
      8.6906,
      7.1027
    ]
  },
  "cecpr_metric": 13665.115
}