instance_index,cause_effect_ratio
0,0.0
1,0.0
2,0.005155
3,0.0
4,0.005618
5,0.0
6,0.006369
7,0.00495
8,0.015789
9,0.009901
10,0.004854
11,0.0
12,0.005051
13,0.011561
14,0.0
15,0.0
16,0.0
17,0.005291
18,0.005025
19,0.011236
20,0.010582
21,0.006452
22,0.005882
23,0.011111
24,0.010811
25,0.005882
26,0.011696
27,0.006098
28,0.0
29,0.0
