instance_index,cause_effect_ratio
0,0.013072
1,0.007407
2,0.014286
3,0.006711
4,0.014184
5,0.014815
6,0.006993
7,0.007407
8,0.014085
9,0.013605
10,0.008
11,0.008065
12,0.014085
13,0.007407
14,0.014286
15,0.006803
16,0.014388
17,0.013889
18,0.00641
19,0.015625
20,0.012048
21,0.013333
22,0.013158
23,0.022556
24,0.007407
25,0.012903
26,0.007634
27,0.007092
28,0.014706
29,0.013333
