{
  "fitted_parameters": {
    "A": 38.05962,
    "r": 0.613805,
    "C": 7.529792,
    "b_decay": 0.488078,
    "fit_success": true
  },
  "fit_quality": {
    "r_squared": 0.996665,
    "rmse": 0.416464,
    "mape": 2.032415,
    "residual_mean": -0.0,
    "residual_std": 0.416464
  },
  "dataset_statistics": {
    "num_texts": 30,
    "num_sentences_range": [
      5,
      5
    ],
    "avg_distinct_2gram_ratio": 0.982511,
    "avg_ttr": 0.704012,
    "avg_verb_ratio": 0.161674,
    "avg_connectives_ratio": 0.07348,
    "avg_cause_effect_ratio": 0.011523
  },
  "dcpr_metric": 0.636,
  "ccpr_metric": 113.682,
  "ttcpr_metric": 1.238,
  "vcpr_metric": 23.483,
  "averaged_curve": {
    "x": [
      1,
      2,
      3,
      4,
      5
    ],
    "y": [
      30.7215,
      22.499,
      15.7201,
      12.8391,
      11.0895
    ]
  },
  "cecpr_metric": 4622.606
}