instance_index,cause_effect_ratio
0,0.006211
1,0.005263
2,0.0
3,0.005319
4,0.0
5,0.01105
6,0.005682
7,0.010582
8,0.0
9,0.006173
10,0.0
11,0.0
12,0.006061
13,0.005556
14,0.0
15,0.006211
16,0.013699
17,0.012579
18,0.006061
19,0.011561
20,0.0
21,0.0
22,0.0
23,0.011111
24,0.005587
25,0.00578
26,0.006211
27,0.005917
28,0.0
29,0.0
